"name","color_name","latitude","longitude","animal","job","weight","iq","fitbit"
"Mr. Henderson Schulist","LightSeaGreen",-25.04,158.87,"llama","pilot",339.99,45,10112
"Douglass Veum","Bisque",-14.92,-127.08,"sloth","drummer",9.84,19,22
"Mr. Esker Armstrong","LightSeaGreen",-54.35,-98.67,"capybara","drummer",159.4,49,6239
"Karim Lemke","LightPink",11.57,103.2,"guinea pig","pilot",0.93,49,1348
"Clearence Stracke","Pink",-44.38,-161.84,"wolverine","customs officer",27.39,84,36364
"Ms. Louie Stracke","BurlyWood",-67.54,-32.96,"quokka","customs officer",6.33,29,4107
"Adrian Bogisich","Linen",-19.54,-161.37,"llama","customs officer",375.19,75,10576
"Mr. Prentiss Wiegand","Thistle",-66.7,153.64,"sloth","customs officer",13.28,21,19
"Mrs. Eartha Schmidt","SaddleBrown",-31.58,-124.8,"capybara","pilot",101.73,44,5890
"Mr. Robin Predovic PhD","DarkSlateGray",89.63,-103.61,"guinea pig","customs officer",0.8,20,1575
"Merrie Ledner","OrangeRed",-13.17,-178.01,"wolverine","singer",57.87,84,79568
"Kathryn Stehr","LightSeaGreen",77.26,100.8,"quokka","drummer",11.18,32,4400
"Ferris Harber","Violet",-79.91,-109.21,"llama","customs officer",430.76,61,9807
"Ceasar Fay-Beahan","LightYellow",-13.25,178.02,"sloth","scientist",13.33,23,25
"Dr. Levy Little III","Gold",65.12,-112.04,"capybara","scientist",95.41,49,5963
"Nanette Reynolds","DimGray",-16.04,-145.08,"guinea pig","scientist",0.59,11,1551
"Delia Willms","PaleVioletRed",-55.08,10.99,"wolverine","customs officer",47.19,105,59379
"Billie Kreiger","MediumVioletRed",54.41,36.62,"quokka","drummer",8.94,31,3972
"Dedric Ruecker","LightPink",-39.2,158.71,"llama","singer",267.2,57,9877
"Zayden Osinski","LightGreen",-54.01,102.27,"sloth","customs officer",10.86,21,33
"Ali Kihn","Yellow",-58.48,123.24,"capybara","drummer",132.05,47,5836
"Celine Dickinson","Ivory",-77.19,179.39,"guinea pig","pilot",0.84,20,1187
"Skip Douglas","MediumSlateBlue",-2.99,-41.41,"wolverine","singer",1.11,115,73407
"Debbie Metz-Schultz","LimeGreen",2.46,-57.86,"quokka","drummer",8.31,37,4178
"Kattie Kozey","Pink",3.17,-163.93,"llama","pilot",230.33,70,9978
"Herma Upton","Lime",82.19,-174.96,"sloth","singer",17.81,19,29
"Mannie Trantow-Bernier","LightSalmon",82.82,-6.63,"capybara","scientist",139.06,53,5559
"Dr. Gage Little","Purple",64.22,-22.21,"guinea pig","pilot",0.77,4,1282
"Nathanael Olson","PaleTurquoise",24.3,-133.73,"wolverine","drummer",13.23,79,64418
"Jammie Baumbach MD","LavenderBlush",-52.06,28.48,"quokka","customs officer",4.6,36,3825
"Devante Marquardt Sr.","Bisque",-59.42,170.54,"llama","scientist",439.26,78,10443
"Jeffry Towne PhD","YellowGreen",74.18,-168.55,"sloth","pilot",12.89,19,19
"Arah Rowe-Welch","Silver",73.66,111.69,"capybara","drummer",145.97,53,6725
"Dr. Aron Lehner III","Tomato",-56.03,-45.52,"guinea pig","scientist",0.92,33,1577
"Horacio Lemke","DarkCyan",-68.32,-47.53,"wolverine","drummer",52.76,98,50581
"Ridge Langworth V","LightYellow",8.18,52.07,"quokka","singer",9.35,41,3400
"Jamarcus Green","MediumSeaGreen",80.48,28.21,"llama","scientist",483.77,74,9857
"Mrs. Ona Sauer","DimGray",30.79,-109.7,"sloth","pilot",11.6,25,29
"Jared Haley","DarkSlateBlue",-31.97,-78.88,"capybara","drummer",228.79,54,6232
"Ms. Flavia Padberg","Tomato",9.29,-175.43,"guinea pig","pilot",1.25,25,1465
"Mrs. Sherie Koepp","AntiqueWhite",-74.85,-100.66,"wolverine","drummer",53.35,90,43079
"Ola Pacocha","LightGreen",-1.66,-119.18,"quokka","pilot",7.26,29,4054
"Tayler Gislason","LightCoral",-20.89,81.89,"llama","drummer",216.73,77,9954
"Add Schaefer","DarkRed",-61.76,179.93,"sloth","drummer",10.39,21,24
"Genevieve Bradtke","Silver",-72.41,17.29,"capybara","scientist",137.83,51,6159
"Mr. Fenton Pollich DVM","BlanchedAlmond",5.35,-132.07,"guinea pig","customs officer",1.35,33,1343
"Daria Steuber","HotPink",4.06,140.85,"wolverine","pilot",17.35,110,81655
"Dr. Oscar Stark","MediumSlateBlue",-82.09,-73.13,"quokka","singer",9.7,33,4546
"Dr. Brandt Zieme","MediumAquaMarine",-58.1,109.22,"llama","drummer",315.23,75,10543
"Stacy Erdman","Silver",45.2,114.62,"sloth","drummer",17.93,24,3
"Darien O'Keefe-Schultz","SlateGray",33.37,-16.95,"capybara","customs officer",118.84,47,6358
"Mr. Williard Hettinger Sr.","MintCream",67.88,-41.56,"guinea pig","singer",0.96,38,1685
"Hyrum Hoppe","GhostWhite",77,28.18,"wolverine","drummer",9.46,63,49790
"Dr. Darrin Dach III","Maroon",78.28,-5.92,"quokka","customs officer",8.48,29,3967
"Laverna Daugherty","FireBrick",53.32,-61.68,"llama","drummer",306.8,58,10930
"Devonta Cormier","LightPink",-27.94,105.86,"sloth","pilot",10.43,17,32
"Pratt Kirlin","SandyBrown",73.71,-128.93,"capybara","drummer",77.77,48,5736
"Abbey Jerde","Teal",88.16,178.08,"guinea pig","scientist",0.74,33,1658
"Alina Erdman","DarkKhaki",65.35,-89.8,"wolverine","drummer",28.87,102,66643
"Deana Bahringer MD","PowderBlue",-36.82,-91.13,"quokka","pilot",11.88,40,4303
"Keely Rolfson","PaleGreen",-68.73,-6.89,"llama","scientist",292.62,58,9031
"Pink Barrows-Koch","Thistle",-41.41,12.5,"sloth","drummer",14.47,24,14
"Ragna Robel","LavenderBlush",83.72,153.75,"capybara","singer",102.18,48,5901
"Pasquale Sawayn","OrangeRed",21.91,-123.31,"guinea pig","pilot",0.94,25,1185
"Moody Breitenberg","OldLace",43.16,173.07,"wolverine","scientist",33.43,104,65236
"Cielo Spencer","Tomato",-59.66,-49.86,"quokka","scientist",10.63,40,3934
"Cason Kilback","CornflowerBlue",42.81,-111.9,"llama","scientist",473.98,63,9752
"Oliver Skiles-Bailey","Cyan",-43.63,9.32,"sloth","customs officer",17.09,28,20
"Mrs. Elvira Mueller DVM","Orchid",58.57,57.15,"capybara","drummer",169.67,54,5766
"Rylee Cole","Salmon",23.45,-29.89,"guinea pig","singer",0.81,28,1065
"Pandora Wintheiser","Crimson",-32.97,18.96,"wolverine","scientist",46.8,96,64703
"Dirk Bashirian","DeepPink",54.45,137.23,"quokka","customs officer",14.67,39,3941
"Tomie Wiza","DeepSkyBlue",-59.64,138.04,"llama","customs officer",443.19,85,9703
"Devan Armstrong","DarkCyan",-17.7,-55.17,"sloth","scientist",21.5,22,29
"Dr. Dario Fay DVM","LemonChiffon",5.76,69.18,"capybara","scientist",47.24,55,6233
"Ema Graham","PaleVioletRed",-4.74,-109.72,"guinea pig","singer",1.07,32,1339
"Belva Schuster","HoneyDew",32.42,-158.47,"wolverine","scientist",33.99,85,56467
"Victoriano Glover V","DarkOrange",-44.99,81.24,"quokka","customs officer",8.48,38,3925
"Lessie Stokes","CornflowerBlue",34.12,149.46,"llama","singer",256.22,92,9870
"Dr. Isreal Gleichner","Gray",-38.77,38.72,"sloth","scientist",11.52,20,16
"Kirstin McCullough","SaddleBrown",72.17,64.98,"capybara","pilot",187.21,49,6232
"Deena Farrell-Hegmann","Orange",-80.27,28.29,"guinea pig","scientist",1.08,36,1635
"Sharon King","LemonChiffon",9.23,-141.19,"wolverine","singer",56.51,78,52119
"Rosevelt Littel","FloralWhite",50.33,10.52,"quokka","customs officer",8.39,39,4044
"Dennis Jaskolski","DarkOrange",66.05,-172.16,"llama","drummer",311.02,53,8804
"Mr. Iverson Lynch","SkyBlue",84.74,120.35,"sloth","drummer",18.77,22,33
"Carley Rutherford","Plum",-22.51,-88.83,"capybara","scientist",38.54,51,5978
"Kameron Wilderman","Lime",69.25,-116.92,"guinea pig","customs officer",1.19,45,1514
"Dr. Roberta Muller DDS","Lime",-32.5,-86.68,"wolverine","singer",63.71,107,40115
"Nonie Beier","Aquamarine",38.4,-70.39,"quokka","drummer",11.52,35,4250
"Brinda Spinka","MediumBlue",44.15,-59.89,"llama","customs officer",287,78,9870
"Mr. Maxim Ledner","White",-61.74,114.72,"sloth","customs officer",14.92,24,3
"Loring Ziemann","SlateBlue",-83.37,119.23,"capybara","singer",64.03,45,6549
"Gregorio Kerluke","BlueViolet",66.97,-135.73,"guinea pig","scientist",0.85,18,1646
"Alberto Blanda","Salmon",-82.49,152.23,"wolverine","scientist",29.25,103,33214
"Dangelo Raynor","Coral",25.08,37.22,"quokka","pilot",9.58,31,4056
"Mrs. Wende Deckow","Indigo",59.34,-120.16,"llama","singer",268.27,75,10307
"Opal Lindgren","GreenYellow",39.45,179.89,"sloth","singer",19.01,23,15
"Ruthanne Prosacco PhD","HotPink",72.2,5.87,"capybara","scientist",115.74,47,5347
"Glenna Zulauf","DarkGreen",56.8,-21.21,"guinea pig","drummer",1.15,34,1197
"Blaise Muller","LightYellow",-12.21,106.67,"wolverine","customs officer",31.94,105,63777
"Alf Haag","MediumOrchid",-78.44,-70.58,"quokka","customs officer",11.9,36,4113
"Lucius Howe","MintCream",-55.03,-154.75,"llama","singer",389.33,68,10449
"Shaquana Shields","SeaGreen",-4.45,164.3,"sloth","pilot",10.09,18,27
"Ms. Latonia Pollich PhD","Brown",70.91,-77.12,"capybara","singer",114.01,53,5882
"Mabel DuBuque","MediumAquaMarine",83.99,-29.71,"guinea pig","drummer",1.04,30,1655
"Oris Marks","RosyBrown",73.3,35.08,"wolverine","drummer",23.65,103,80966
"Alto Dickens","NavajoWhite",-7.63,-115.08,"quokka","singer",13.3,34,3822
"Matthias Jenkins","Linen",8.06,-29.02,"llama","drummer",327.81,79,10647
"Clara O'Hara","LimeGreen",73.83,90.36,"sloth","customs officer",14.82,19,23
"Brice Gleason","PaleGreen",36.99,7.17,"capybara","pilot",89.35,58,6298
"Lona Wintheiser","LightCyan",56.54,73.52,"guinea pig","singer",1.12,40,1258
"Mr. Marcellus Lebsack","Tan",4.26,-65.63,"wolverine","pilot",40.46,88,52846
"Miguelangel Langosh V","Bisque",-52.71,-139.71,"quokka","pilot",7.2,41,4403
"Barnett Ebert-Adams","LightYellow",-28.45,48.05,"llama","drummer",503.48,63,10891
"Flor Pfeffer-Armstrong","Azure",59.48,114.33,"sloth","pilot",17.26,22,20
"Ike Walker","Peru",31.71,-115.2,"capybara","pilot",192.04,51,5841
"Teri Denesik-O'Kon","PaleGreen",80.53,111.28,"guinea pig","pilot",0.74,29,1548
"Waymon O'Reilly","LavenderBlush",45.06,-73.27,"wolverine","pilot",24.19,91,52768
"Neoma Roob","Beige",76.16,-45.01,"quokka","drummer",9.78,34,4391
"Britney Orn","DarkTurquoise",60.94,-33.56,"llama","singer",477.27,46,10029
"Dr. Shaun Armstrong DVM","Pink",-56.24,13.2,"sloth","scientist",13.35,11,23
"Brittany Kunze","SkyBlue",-55.72,-72.73,"capybara","scientist",88.97,47,7121
"Shirley Baumbach","Magenta",-79.42,-35.26,"guinea pig","scientist",0.71,20,1540
"Alphonsine Ritchie","AliceBlue",60.81,-2.18,"wolverine","singer",57.02,76,37191
"Payton Murphy","LightGreen",-76.32,65.31,"quokka","singer",5.67,46,3696
"Lucian Lubowitz","Red",53.61,63.67,"llama","customs officer",325.6,77,10160
"Mr. Tyler Steuber","LightGoldenRodYellow",-57.36,104.73,"sloth","customs officer",13.21,20,33
"Ms. Pandora Rodriguez","DeepSkyBlue",-69.34,110.37,"capybara","customs officer",118.95,55,6460
"Dr. Tristen Bailey V","Moccasin",9.97,-135.84,"guinea pig","scientist",0.84,40,1689
"Miss Elizebeth Paucek","FloralWhite",-44.19,-105.64,"wolverine","scientist",37.39,100,74813
"Charlie McKenzie DVM","Beige",-76.69,-155.99,"quokka","drummer",2.72,30,3651
"Miss Georgetta Hodkiewicz","MistyRose",48.92,-2.27,"llama","drummer",387.67,70,9933
"Oddie Zulauf DDS","Peru",-25.06,-32.53,"sloth","drummer",11.34,25,18
"Hudson Kreiger","MediumSpringGreen",-9.77,-79.24,"capybara","scientist",65.46,48,5703
"Sharon Kuhic DDS","Peru",-76.12,46.05,"guinea pig","drummer",0.69,39,1400
"Leandro Hartmann","Tan",29.18,159.47,"wolverine","scientist",35.24,93,66345
"Suzette Heaney","MediumSpringGreen",-1.59,167.96,"quokka","scientist",4.5,37,4035
"Patrick Volkman","MediumTurquoise",-74.83,-75.16,"llama","pilot",276.25,67,9409
"Fitzgerald Crist","Bisque",59.41,4.87,"sloth","scientist",17.36,22,25
"Artie Hilpert","DeepPink",-57.37,177.09,"capybara","drummer",103.1,51,6292
"Miss Lella Doyle DDS","NavajoWhite",53.16,-115.78,"guinea pig","customs officer",1.27,26,1786
"Hymen Dach IV","DarkKhaki",70.11,158.79,"wolverine","drummer",30.47,83,35399
"Cameron West-Berge","Maroon",60.58,70.12,"quokka","pilot",5.52,33,3932
"Ms. Neoma Bailey","LightBlue",48.71,133.43,"llama","singer",363.32,59,9556
"Thompson Sauer-Quitzon","PaleGreen",57.47,37.95,"sloth","singer",12.75,26,31
"Jaxton Johnson","Plum",-15.37,-138.93,"capybara","scientist",77.68,44,6162
"Jerilynn Konopelski","SlateGray",-13.24,89.67,"guinea pig","customs officer",0.96,28,1461
"Gladstone Blanda","Pink",-5.1,105.06,"wolverine","customs officer",53.13,104,68019
"Mariam McLaughlin-Kassulke","MintCream",83.41,136.38,"quokka","drummer",6.16,39,4224
"Opha Smith","Gainsboro",16.05,-159.52,"llama","customs officer",376.39,86,9293
"Mr. Clare Brown","Lavender",34.74,-104.25,"sloth","singer",17.1,17,18
"Draven O'Keefe","RosyBrown",-83.67,5.37,"capybara","scientist",83.14,41,5545
"Billy Hirthe PhD","DarkOliveGreen",65.05,-28.73,"guinea pig","customs officer",0.94,35,1858
"Tristan Little","Yellow",-69.3,122.68,"wolverine","scientist",28.75,94,90671
"Hennie Ziemann","SeaGreen",88.5,-140.67,"quokka","drummer",0.05,38,3514
"Alfredo Botsford","OldLace",9.32,-57.13,"llama","scientist",385.68,50,10116
"Dovie Becker","Chocolate",-13.2,137.69,"sloth","customs officer",12.31,26,31
"Damarion Champlin DDS","Turquoise",73.27,170.48,"capybara","scientist",165.92,44,5502
"Estill Wisoky","PaleGreen",55.28,-29.35,"guinea pig","scientist",0.53,24,1647
"Waino Grimes Sr.","Peru",-38.8,-92.16,"wolverine","customs officer",9.13,123,66731
"Cherish Gulgowski PhD","Lavender",-69.12,136.63,"quokka","singer",6.73,38,4312
"Latrina Swaniawski","OldLace",-73.03,83.16,"llama","drummer",431.49,63,9956
"Chin Becker","DarkBlue",61.98,37.67,"sloth","customs officer",12.45,27,1
"Dr. Nichole Parker MD","Lime",-36.14,-78.68,"capybara","customs officer",51.08,52,6032
"Jamar Reichert","OrangeRed",-12.12,-148.27,"guinea pig","drummer",1.33,44,1536
"Antone Purdy IV","GhostWhite",41.12,54.59,"wolverine","pilot",31.56,96,42100
"Lucious Hoeger","ForestGreen",21.04,64.41,"quokka","scientist",2.77,36,4138
"Delia Friesen-Corkery","DarkKhaki",-26.35,47.65,"llama","customs officer",303.03,67,10210
"Caleigh Metz PhD","PeachPuff",-34.87,130.51,"sloth","singer",19.21,19,1
"Kayli Brakus DDS","Crimson",84.91,-59.98,"capybara","pilot",94.73,50,4990
"Carmen Murray","SteelBlue",66.17,-148.05,"guinea pig","pilot",1.08,17,1832
"Alexandra Grady","Silver",13.98,-138.89,"wolverine","scientist",28.64,91,44146
"Rhett Schaden","CornflowerBlue",12.5,179.69,"quokka","pilot",3.5,28,4378
"Mr. Saint Herman","DarkOrchid",-44.08,9.96,"llama","scientist",285.69,65,10552
"Hoyt Mann","Silver",-34.67,-3.98,"sloth","customs officer",5.63,15,19
"Magen Hettinger DDS","MediumSeaGreen",-22.77,6.18,"capybara","drummer",95.66,38,5960
"Willie Feeney","SlateGray",-40.22,-168.19,"guinea pig","singer",0.44,31,1327
"Iverson Moen","LightGreen",-69.05,78.37,"wolverine","pilot",37.27,94,31913
"Dr. Tyrell Kling","DeepPink",-54.73,109.62,"quokka","singer",6.25,31,3940
"Jevon Hackett","DarkOliveGreen",80.35,29.89,"llama","customs officer",139.53,56,9165
"Danika Gutmann MD","Magenta",86.6,125.79,"sloth","scientist",14.18,22,23
"Selene Labadie","CadetBlue",-51.19,-59.11,"capybara","scientist",50.59,53,5784
"Crawford Reynolds","DimGray",2.98,-67.4,"guinea pig","scientist",0.68,34,1461
"Dr. Machelle Walsh","MediumSlateBlue",52.72,48.67,"wolverine","customs officer",45.26,79,65207
"Bronson Batz","OliveDrab",-48.99,-66.64,"quokka","drummer",2.42,31,3691
"Lorene Wisoky","Lime",-48.18,70.15,"llama","drummer",242.37,73,9881
"Dr. Julissa Vandervort","DodgerBlue",5.01,79.07,"sloth","scientist",13.06,20,8
"Liana Balistreri","OrangeRed",-79.29,-11.63,"capybara","singer",91.56,46,6286
"Frieda Bartell","LimeGreen",36.32,153.51,"guinea pig","drummer",1.14,38,1545
"Hayden Gislason","SkyBlue",36.25,-163.18,"wolverine","customs officer",16.21,120,91550
"Malorie Heathcote-Bergstrom","DarkCyan",60.71,-61.94,"quokka","drummer",7.73,34,4402
"Elijah Hermann","DeepPink",-53.05,75.41,"llama","singer",370.03,81,10203
"Roxanne Deckow","PaleGreen",-7.79,-142.96,"sloth","customs officer",13.31,17,22
"Millicent Wyman","SteelBlue",-59.3,-41.14,"capybara","customs officer",134.96,43,5274
"Clair Herzog","LightSeaGreen",25.48,16.71,"guinea pig","singer",1.14,20,1681
"Mr. Rodrick Grady DVM","Turquoise",-13.33,86.9,"wolverine","pilot",49.5,97,33069
"Gisselle Eichmann-Kuphal","CornflowerBlue",48.92,-171.63,"quokka","pilot",7.94,37,4411
"Mr. Noel Corwin","PeachPuff",-82.73,-23.69,"llama","pilot",478.47,80,9956
"Mr. Davian Nitzsche III","PaleGoldenRod",-19.65,-92.03,"sloth","singer",9.56,27,27
"Barnie Hartmann","NavajoWhite",44.8,-147.98,"capybara","customs officer",87.23,51,5675
"Reanna Kub-Rodriguez","DarkSlateBlue",-40.12,169.34,"guinea pig","customs officer",1.17,37,1285
"Ms. Anjelica Farrell","FireBrick",-10.87,-147.44,"wolverine","pilot",19.02,97,40647
"Letitia Grant","Chocolate",-0.26,25.55,"quokka","customs officer",5.98,40,3839
"Gunnar Schroeder","DarkSalmon",-29.55,-140.65,"llama","pilot",498.93,66,9374
"Brandon Glover","MidnightBlue",-28.05,-13.29,"sloth","pilot",9.27,23,11
"Brittni Bergnaum-Heller","OldLace",-46.35,-70.04,"capybara","customs officer",94.58,45,5673
"Jovanni Sipes-Hills","Cyan",42.29,49.18,"guinea pig","drummer",0.96,29,1693
"Leticia Mitchell-Yundt","White",16.27,-175.09,"wolverine","pilot",24.83,94,42270
"Shaniya Jaskolski","LightCoral",-12.51,71.29,"quokka","customs officer",2.21,36,3652
"Leona Larkin","LightPink",-30.25,-79.5,"llama","singer",365.28,80,10177
"Raekwon Hodkiewicz","PaleGoldenRod",32.93,-110.66,"sloth","drummer",12.65,16,28
"Monte Emmerich V","Ivory",2.89,-9.18,"capybara","drummer",109.11,46,5916
"Cristin Considine","LightCyan",-47.82,-96.92,"guinea pig","customs officer",0.95,17,1053
"Zella Boehm","Azure",-10.21,-20.5,"wolverine","scientist",56.95,108,56644
"Ruben Spinka","CornflowerBlue",71.94,-37.84,"quokka","pilot",6.93,35,3626
"Stephanie Kozey","Brown",-55.86,-61.69,"llama","drummer",331.09,77,9641
"Angelica Bechtelar","LavenderBlush",65.15,-174.39,"sloth","customs officer",12.63,22,7
"Leslie Windler","SpringGreen",-51.11,157.22,"capybara","pilot",129.88,51,6062
"Zion Borer","White",-28.34,90.57,"guinea pig","pilot",1.13,32,1323
"Lindsay Kozey","LavenderBlush",85.07,-113.62,"wolverine","singer",39.43,76,22644
"Tracey Morar","MediumAquaMarine",51.12,-135.17,"quokka","customs officer",7.2,40,4305
"Cruz D'Amore-Bartoletti","LightCoral",39.06,92.65,"llama","scientist",76.75,66,9084
"Trevor Leannon-Olson","SteelBlue",29.24,35.33,"sloth","customs officer",12.88,20,31
"Tasia Greenfelder","NavajoWhite",65.87,-18.31,"capybara","scientist",118.26,49,5512
"Lawton Purdy","DarkMagenta",-72.2,165.98,"guinea pig","scientist",1.05,37,1677
"Miss Talia Tillman MD","MediumSpringGreen",51.62,53.67,"wolverine","scientist",53.57,93,49023
"Elzie Maggio","Khaki",56.57,-97.52,"quokka","customs officer",4.6,34,3947
"Miss Isobel Trantow","Indigo",79.76,-98.57,"llama","pilot",344.71,75,10834
"Delma Kuhlman Sr.","SaddleBrown",-47.62,-9.19,"sloth","pilot",15.38,23,18
"Mrs. Taryn Emmerich","PeachPuff",-5.02,-61.91,"capybara","pilot",198.78,44,6728
"Faith Hickle DDS","Lime",-11.13,87.9,"guinea pig","scientist",1.04,24,1576
"Dr. Inger Parker","SandyBrown",59.67,175.04,"wolverine","scientist",37.12,113,82910
"Caro Rolfson","LightGreen",18.84,-130.54,"quokka","customs officer",7.17,31,4156
"Jordyn Stoltenberg","Navy",89.81,95.71,"llama","pilot",323.34,69,9323
"Miss Fae Gorczany","PaleTurquoise",61.87,60.04,"sloth","customs officer",11.12,20,8
"Dr. Judd Kuvalis V","LawnGreen",14.32,156.19,"capybara","scientist",116.3,39,6736
"Audrey Muller","PaleVioletRed",-22.16,127.46,"guinea pig","scientist",1.19,18,1849
"Ancil Dickens","SlateGray",29.56,61.07,"wolverine","customs officer",24.75,124,16675
"Ms. Iesha Torphy","LightYellow",28.38,-75.39,"quokka","singer",8.06,38,4065
"Dr. Sterling Gorczany MD","Red",-85.36,-4.98,"llama","customs officer",661.73,73,10082
"Acy Leffler-Windler","AliceBlue",-13.69,-163.8,"sloth","drummer",7.76,16,31
"Armando Wolf","OldLace",57.52,-63.92,"capybara","customs officer",81.49,47,5918
"Zillah Adams","DarkGray",-80.28,59.09,"guinea pig","singer",0.74,17,1459
"Dr. Fernando Upton","SkyBlue",-2.92,58.35,"wolverine","pilot",46.64,93,40750
"Jann Bradtke","FloralWhite",52.36,161.86,"quokka","scientist",11.39,38,3771
"Mr. Talon Zemlak IV","Aqua",-82.44,-138.92,"llama","pilot",309.73,86,10045
"Shanelle Deckow","Ivory",-61.41,6.91,"sloth","singer",8.96,23,32
"Ivonne Gerlach-McCullough","PaleVioletRed",-74.72,165.54,"capybara","scientist",202.77,51,6077
"Dortha Prosacco","PaleGreen",70.67,-135.2,"guinea pig","pilot",0.93,35,1696
"Lenna Champlin","IndianRed",-39.88,-153.4,"wolverine","singer",31.04,82,29159
"Kayden Kovacek","LightSeaGreen",-32.12,104.95,"quokka","pilot",9.57,41,4116
"Logan Toy","AntiqueWhite",-48.91,-35.97,"llama","pilot",225.2,69,9573
"Abelardo Lynch-Stark","LightCyan",-87.61,29.16,"sloth","singer",10.8,21,21
"Gaetano Metz-Schulist","Bisque",51.64,-49.09,"capybara","drummer",175.22,51,6337
"Willene Steuber","Sienna",-15.44,-136.3,"guinea pig","customs officer",1.14,44,1341
"Severt Prosacco","SaddleBrown",-52.37,-149.57,"wolverine","drummer",31.67,100,46483
"Asia Hand","BlanchedAlmond",56.41,63.07,"quokka","scientist",4.72,35,3745
"Almus Carter","PaleGoldenRod",-25.43,122.83,"llama","customs officer",453.9,91,9342
"Pollie Stark","ForestGreen",81.13,161.96,"sloth","pilot",13.91,18,30
"Olena Wolf","DodgerBlue",-57.91,-33.76,"capybara","customs officer",124.82,49,7524
"Mayo Gaylord","YellowGreen",39.63,55.13,"guinea pig","drummer",1.06,25,1499
"Miss Claudette Denesik","DarkBlue",-14.15,165.32,"wolverine","singer",49.44,90,59691
"Ambers Huel","Orange",-80.21,50.18,"quokka","customs officer",8.38,37,3777
"Margery Lang MD","PaleGreen",-2.77,101,"llama","drummer",214.48,52,9544
"Shawnna Weissnat","Olive",-7.56,35.61,"sloth","scientist",12.87,20,20
"Reyes Dibbert","LightGreen",-56.97,70.26,"capybara","drummer",132.1,52,6259
"Bernice Torphy-Predovic","YellowGreen",-44.57,56.22,"guinea pig","drummer",0.95,48,1565
"Ms. Ilma Robel DDS","Tomato",-57.69,92.15,"wolverine","customs officer",34.66,71,40744
"Trumaine Wolf","IndianRed",-41.33,60.46,"quokka","pilot",6.74,39,3640
"Marcella Gottlieb","MidnightBlue",50.26,-174.02,"llama","drummer",397.33,74,9479
"Hasan Heaney","Pink",-80.78,173.64,"sloth","scientist",6.49,21,18
"Brantley Murray Jr.","Yellow",-81.62,153.96,"capybara","drummer",127.23,58,6170
"Logan Hyatt","SeaGreen",-0.6,22.44,"guinea pig","pilot",1.19,42,1627
"Raquel Jakubowski","LavenderBlush",79.25,101.79,"wolverine","pilot",35.29,108,42490
"Dr. Garnet Glover","Silver",13.09,-96.74,"quokka","singer",7.46,39,4151
"Neta Legros","Wheat",54.94,-37.45,"llama","customs officer",396.59,69,10077
"Linwood Gutkowski","Tomato",-60.48,5.39,"sloth","pilot",12.46,23,8
"Barney Heller","Silver",30.1,-74.07,"capybara","pilot",41.29,48,5771
"Burrell Denesik V","LightGreen",19.68,156.03,"guinea pig","singer",0.84,30,1618
"Otha Greenholt","Aqua",65.38,156.9,"wolverine","pilot",24.62,91,28661
"Dr. Haylee Thompson","Blue",-19.09,-79.95,"quokka","drummer",7.17,27,4241
"Dustyn Greenholt","Wheat",44.54,-49.17,"llama","singer",264.19,76,8792
"Miss Terese Leffler DVM","Blue",-75.98,-6.68,"sloth","scientist",15.05,21,36
"Amanda O'Hara","Orange",54.39,-28.65,"capybara","pilot",104.34,49,6142
"Fannye Jenkins","LimeGreen",-59.22,2.59,"guinea pig","drummer",0.77,19,1513
"Zilpha Wolf","Beige",-75.27,163.84,"wolverine","customs officer",38.6,122,85337
"Dr. Mylee Bailey","PaleGreen",28.76,-62.44,"quokka","customs officer",4.34,31,4220
"Kendall Bayer","DarkMagenta",69.68,-54.54,"llama","scientist",431.97,87,9959
"Mr. Deward Keebler PhD","Navy",18.15,160.18,"sloth","customs officer",12.36,21,14
"Donta Waelchi PhD","Purple",86.8,175.13,"capybara","scientist",144.37,49,6296
"Arch Wintheiser","LightSlateGray",-1.39,-93.53,"guinea pig","scientist",0.83,35,1081
"Emely Volkman","LimeGreen",55,60.44,"wolverine","customs officer",31.73,77,46793
"Arielle Hauck","ForestGreen",-82.84,153.45,"quokka","singer",4.26,42,3972
"Prudie Sipes","MediumOrchid",3.04,-19.23,"llama","drummer",496.16,64,9704
"Esau Barton-Wintheiser","DarkKhaki",-35.93,-76.29,"sloth","singer",18.91,18,28
"Early Champlin","GreenYellow",-15.88,-61.68,"capybara","customs officer",113.97,48,6288
"Tia West","DarkCyan",66.73,-132.05,"guinea pig","drummer",1.06,40,1146
"Bertrand Skiles-Kertzmann","MediumSlateBlue",-29.81,-6.81,"wolverine","customs officer",48.45,121,59517
"Angelita Orn","Black",-58.25,91.15,"quokka","pilot",0.2,32,4121
"Karli Stokes MD","MediumSpringGreen",74.82,-10.07,"llama","drummer",340.67,73,9637
"Alexina Witting","Tan",-85.57,-4.81,"sloth","pilot",13.47,22,10
"Graves Cormier","LightSkyBlue",82.53,-133.86,"capybara","pilot",66.33,62,6679
"Margarite Ritchie","Yellow",84.26,-34.32,"guinea pig","singer",1.47,51,1755
"Josef Prosacco","DarkMagenta",-22.02,-156.67,"wolverine","pilot",68.45,73,53333
"Miss Veda Hilpert PhD","LightGray",-53.01,-3.01,"quokka","scientist",10.47,42,3366
"Clemma Huels","SandyBrown",24.71,-139.8,"llama","singer",470.4,79,10623
"Ms. Asia Turcotte","HotPink",-71.55,-158.63,"sloth","singer",12.2,19,18
"Earnest Swaniawski","Thistle",-22.43,-68.57,"capybara","pilot",85.02,44,6296
"Normand Bednar","DarkGray",61.54,-136.08,"guinea pig","drummer",0.87,44,1399
"Mercer Kemmer III","Cyan",33.54,-64.25,"wolverine","singer",31.32,86,37074
"Dr. Gearldine Nicolas DVM","MediumVioletRed",49.63,-85.71,"quokka","drummer",7.2,33,4266
"Schuyler Stamm-Johns","LavenderBlush",2.27,161.3,"llama","scientist",96.93,67,9833
"Brayden Bartoletti II","MediumPurple",82.58,70.11,"sloth","scientist",10.76,18,8
"Shannan Huels","Red",64.73,146.56,"capybara","pilot",63.29,49,5535
"Dr. Kamryn Rutherford","MediumSlateBlue",-19.34,-7.67,"guinea pig","customs officer",0.91,33,1399
"Mrs. Shari O'Connell","Azure",47.01,-124.65,"wolverine","drummer",20.91,99,58488
"Tiffanie Homenick PhD","PowderBlue",32.94,161.62,"quokka","customs officer",8.35,33,3867
"Mr. Maxie Bechtelar II","LightSkyBlue",84.72,-27.46,"llama","customs officer",347.7,75,10745
"Hardie Will","MidnightBlue",-64.33,-104.29,"sloth","drummer",11.19,20,11
"Thurman Price","White",37.77,61.17,"capybara","drummer",117.32,47,5599
"Mrs. Oneta Schulist","LimeGreen",-5.19,119.43,"guinea pig","pilot",0.95,19,1586
"Areli Borer","Crimson",34.55,-3.05,"wolverine","scientist",0.2,106,74414
"Elizebeth Lueilwitz","PaleVioletRed",1.48,-167.11,"quokka","customs officer",6.03,22,3663
"Breana Wilkinson DDS","Black",6.93,136.73,"llama","customs officer",251.23,96,10366
"Miss Nona McLaughlin","Turquoise",-19.91,-164.47,"sloth","pilot",12.52,20,14
"Cyril Kovacek Jr.","Snow",8.89,-62.94,"capybara","scientist",103.92,45,6547
"Jaquelin Koch","Gold",67.97,-37.36,"guinea pig","customs officer",1.13,44,1816
"Dr. Jordyn Leffler","GoldenRod",-56.34,47.5,"wolverine","customs officer",28.23,95,55395
"Robbie Goldner","DarkSalmon",0.51,36.1,"quokka","drummer",8.7,31,4395
"Hideo Langosh PhD","WhiteSmoke",-9.23,-140.31,"llama","pilot",459.7,60,9539
"Jaquan Schulist","Cyan",58.71,-166.16,"sloth","singer",10.6,19,28
"Jennings Lockman","SlateGray",-63.18,-173.91,"capybara","scientist",118.85,52,5877
"Willa Rippin","MediumOrchid",-83.49,-110.97,"guinea pig","customs officer",1.08,6,1300
"Watson Lubowitz","Maroon",45.54,-31.86,"wolverine","singer",36.81,112,68545
"Willene Zulauf-Mann","MidnightBlue",35.3,68.91,"quokka","drummer",10.14,35,4227
"Tabitha Renner","Turquoise",-73.87,-76.58,"llama","drummer",289.62,65,10473
"Lambert Price","DarkSeaGreen",-54.36,83.24,"sloth","customs officer",18.67,24,6
"Zelda Schuster-Schuppe","LightCyan",-50.69,-154.94,"capybara","pilot",145.71,50,6175
"Janis Walter","Teal",0.57,-179.24,"guinea pig","drummer",1.05,28,1655
"Janis Parker","DarkSlateGray",-21.47,-103.65,"wolverine","singer",36.48,96,57993
"Kennedy Daniel","LightGreen",23.49,-173.55,"quokka","singer",11.72,43,4076
"Jaydin Graham","PaleGoldenRod",-87.58,101.91,"llama","scientist",364.51,69,9416
"Mr. Brycen Franecki Sr.","Beige",-28.17,121.94,"sloth","drummer",19.77,19,29
"Darleen Veum","MidnightBlue",38.3,40.38,"capybara","customs officer",112.63,48,5346
"Mrs. Concepcion Strosin","LemonChiffon",12.59,166.63,"guinea pig","customs officer",0.68,38,1395
"Kash Senger","LightCyan",-79.88,-146.66,"wolverine","pilot",43.45,98,58977
"Joanie Schaefer","Beige",-64.52,-60.52,"quokka","scientist",8.34,30,4285
"Deneen Kuvalis","DarkGray",4.73,-75.46,"llama","customs officer",230.91,67,9238
"Ora Satterfield-Leffler","Cornsilk",13.54,58.87,"sloth","customs officer",16.91,27,1
"Mrs. Norita Schulist","LimeGreen",70.2,108.75,"capybara","drummer",151.23,57,6209
"Elyssa Robel","WhiteSmoke",-43.87,25.65,"guinea pig","customs officer",0.88,22,1412
"Robbin Tremblay III","MediumSpringGreen",-37.79,73.33,"wolverine","drummer",58.87,87,22831
"Mr. Governor Deckow","LightCoral",26.11,-91.79,"quokka","pilot",8.38,29,3648
"Mr. Brittany Wolf V","SpringGreen",43.04,-101.68,"llama","customs officer",297.68,60,9669
"Hartwell Lehner I","Thistle",-37.27,-164.45,"sloth","singer",15.05,20,25
"Chas Braun","MediumVioletRed",-58.26,-159.05,"capybara","pilot",181.09,54,5484
"Sadie Pagac","CadetBlue",-73.39,-2.15,"guinea pig","pilot",0.74,38,1497
"Dr. French Labadie","Black",-70.14,-94.94,"wolverine","pilot",64.9,95,44760
"Rosario Schaden","Gold",-11.28,-68.61,"quokka","scientist",10.35,41,3867
"Janelle Heidenreich","LightYellow",-23.45,-63.73,"llama","singer",291.38,69,10022
"Adelia Schroeder-Brakus","Green",-89.23,-56.57,"sloth","scientist",12.71,14,4
"Alexandro Walsh","SeaGreen",88.95,97.97,"capybara","customs officer",59.38,58,5570
"Kerri Bergnaum","DarkOliveGreen",-65.18,-59.43,"guinea pig","pilot",0.7,35,1797
"Susanna Schimmel DVM","White",22.44,15.67,"wolverine","scientist",36.15,107,43117
"Sierra Weimann","MediumVioletRed",-0.99,71.03,"quokka","customs officer",8.1,31,3929
"Isreal Schoen","Coral",-32.1,52.43,"llama","pilot",551.14,77,9727
"Sonja Harber","MintCream",54.68,-64.88,"sloth","pilot",16.56,16,21
"Prentice Wiegand-Fay","Gold",-68.48,-81.5,"capybara","pilot",161.46,46,6765
"Lyric Feest","OldLace",-71.78,-100.26,"guinea pig","customs officer",1.21,38,1663
"Dr. Maceo Runolfsdottir Sr.","DarkKhaki",0.56,11.45,"wolverine","scientist",48.34,82,56635
"Vere O'Hara-Bayer","DeepSkyBlue",-53.93,26.94,"quokka","customs officer",3.54,31,4135
"Lyric Grady","Aquamarine",-27.75,156.93,"llama","singer",273.87,44,10331
"Jacoby Mante","SaddleBrown",-42.39,-5.61,"sloth","scientist",7.57,20,26
"Mr. Percival Sanford","PaleGoldenRod",30.25,-85.73,"capybara","drummer",116.24,46,5985
"Salomon Daugherty","MediumAquaMarine",-38.24,51.43,"guinea pig","customs officer",1.07,15,1457
"Clotilde Gerlach","Indigo",-17.09,118.97,"wolverine","customs officer",39.49,121,50800
"Mrs. Roseanne Smitham","Indigo",62.3,-12.19,"quokka","singer",3.28,27,3912
"Danika Stroman DVM","NavajoWhite",20.63,103.1,"llama","singer",360.73,67,9422
"Ms. Lyndsey Mraz","BlueViolet",-56.89,-166.52,"sloth","pilot",11.35,22,21
"Ms. Channie Schroeder","SpringGreen",-13.74,40.32,"capybara","singer",122.57,50,5891
"Averie Schuppe-Jenkins","PeachPuff",76.16,-91.3,"guinea pig","pilot",1.09,42,1251
"Emilee Leuschke DDS","PaleVioletRed",-40.78,72.84,"wolverine","scientist",28.7,117,54280
"Lenna Langworth PhD","DarkGoldenRod",-29.36,140.46,"quokka","singer",2.7,37,4295
"Ms. Leafy Schinner","GhostWhite",-22.74,91.42,"llama","customs officer",183.36,62,10100
"Irven Kuhlman","SteelBlue",5.78,-77.18,"sloth","drummer",17.18,15,26
"Mrs. Aryanna Fadel DDS","SeaGreen",38.83,170.9,"capybara","drummer",108.05,47,6795
"Bryon Haag","Orange",79.1,-149.46,"guinea pig","scientist",0.84,25,1176
"Mr. Jaxen Howell Sr.","LightSeaGreen",10.21,123.98,"wolverine","singer",36.73,117,75234
"Talon Hilll IV","DarkSeaGreen",-73.29,-121.06,"quokka","customs officer",7.09,35,4085
"Rafael Boyer","DarkGreen",-2.37,138.29,"llama","scientist",349.63,81,9227
"Sheldon Johnson","LightGreen",63.6,-4.11,"sloth","drummer",5.7,14,28
"Dr. Baker Frami V","Yellow",71.88,-147.22,"capybara","customs officer",35.06,56,5980
"Georgeanna Gerhold","Aqua",51.35,167.03,"guinea pig","pilot",0.69,25,1498
"Mrs. Shani Kertzmann","Indigo",71.95,-25.88,"wolverine","drummer",53.31,75,1
"Toivo Prosacco-Johnston","Salmon",59.72,46.4,"quokka","customs officer",8.47,33,3872
"Jaylah Carter-Klein","Chartreuse",-10.29,-107.75,"llama","scientist",251.31,63,9602
"Hermon Kozey-Witting","SandyBrown",-58.82,99.43,"sloth","pilot",13.33,22,20
"Theresa Streich-Nienow","LightSlateGray",58.33,21.31,"capybara","singer",107.78,60,6016
"Sheryll Stark-Haley","Blue",70.76,-18.52,"guinea pig","pilot",1.02,41,1099
"Miss Lourdes Hamill","BurlyWood",73.52,160.64,"wolverine","drummer",33.34,99,36282
"Chanelle Durgan","Purple",-21.2,173.11,"quokka","pilot",6.83,33,3906
"Mr. Vernie Swaniawski","DarkKhaki",-4.11,-164.62,"llama","scientist",354.47,68,10252
"Orval Wolff","LemonChiffon",28.17,-153.02,"sloth","singer",17.88,18,29
"Darryle Renner","Gainsboro",47.05,50.49,"capybara","scientist",104.84,48,5549
"Karel Sauer","LightCoral",-43.36,130.66,"guinea pig","drummer",1.12,37,1305
"Marissa Schuster","Violet",-16.68,176.94,"wolverine","singer",24.47,103,38133
"Glenda Kautzer","MediumBlue",-19.86,7.64,"quokka","scientist",7.59,34,4182
"Robb Denesik","WhiteSmoke",61.75,-177.75,"llama","pilot",484.29,64,10132
"Dr. Daisye Bernier","PaleTurquoise",-87.83,-10.55,"sloth","singer",12.63,20,26
"Wing Champlin-Grant","HoneyDew",-24.99,151.9,"capybara","singer",97.57,49,7259
"Dorris Waelchi","LawnGreen",-74.01,146.04,"guinea pig","scientist",1.15,21,1617
"Carlyle Gibson","SlateGray",17.9,-141.56,"wolverine","singer",47.83,123,46189
"Dr. Errol Terry","ForestGreen",-47.46,-5.53,"quokka","singer",12.93,33,3469
"Else Windler-O'Connell","MintCream",42.58,-103.45,"llama","pilot",365.74,68,10621
"Buena Ferry PhD","Chocolate",77.09,-169.31,"sloth","scientist",9.1,21,28
"Chaim Streich-Beahan","DarkSlateGray",-11.85,-75.9,"capybara","singer",82.49,43,5838
"Dr. Beryl Rogahn V","SaddleBrown",-29.29,67.31,"guinea pig","drummer",1.06,43,1654
"Carey Russel DVM","Teal",6.25,-74.33,"wolverine","scientist",22.24,107,53849
"Delbert Hoeger","SeaShell",-66.46,41.48,"quokka","pilot",4.93,36,4273
"Dr. Gay Kuhic III","LemonChiffon",75.28,38.59,"llama","pilot",435.13,79,10073
"Lydell Jakubowski","MediumAquaMarine",-53.57,54.87,"sloth","singer",20.52,19,28
"Marcel Sawayn","Orchid",63.64,-176.29,"capybara","scientist",88.78,44,6571
"Miss Kathleen White","Brown",-37.79,-145,"guinea pig","pilot",0.76,28,1594
"Tawnya Russel","DarkRed",75.93,-51.4,"wolverine","pilot",58.38,73,53680
"Dr. Gaylord Wyman PhD","SeaShell",-82.76,-45.11,"quokka","pilot",7.75,32,4157
"Monroe Smith V","MediumTurquoise",-70.82,17.34,"llama","scientist",317.45,66,9754
"Ms. Vickey Welch","ForestGreen",46.55,35.47,"sloth","pilot",19.21,13,22
"Dr. Dwane Kunde","RoyalBlue",-53.26,-148.38,"capybara","pilot",195.78,44,5772
"Dr. Shep Homenick","HoneyDew",31.26,147.45,"guinea pig","pilot",0.88,29,1824
"Lauri Bergstrom","DarkOrchid",-41.89,-176.04,"wolverine","pilot",66.04,101,44959
"Dr. Ancel Gleason I","PaleVioletRed",-30.87,88.78,"quokka","drummer",9.83,35,4181
"Watt Kertzmann-Morissette","BlueViolet",-43.48,-3.18,"llama","pilot",423.64,70,9665
"Mikeal Boyer IV","LightSteelBlue",52.56,24.95,"sloth","scientist",16.71,20,30
"Hervey Glover","LightSlateGray",-34.8,-70.16,"capybara","customs officer",120.47,44,5863
"Miss Olinda Von","SeaShell",36.79,-128.83,"guinea pig","customs officer",1.13,50,960
"Augustus Dach-Lindgren","DarkKhaki",-76.08,-164.09,"wolverine","singer",25.17,78,29936
"Demetrios Wolff-Hane","LemonChiffon",8.5,-117.06,"quokka","drummer",10.57,28,3837
"Pleas Rice PhD","Cyan",15.31,41.62,"llama","singer",290.14,61,9791
"Enriqueta Konopelski","DimGray",-46.22,165.59,"sloth","pilot",12.38,20,11
"Sidney Fritsch","Beige",83.66,49.84,"capybara","customs officer",96.39,38,6193
"Estela Fritsch","MediumSeaGreen",43.4,-49.96,"guinea pig","pilot",0.82,32,1453
"Trudi Veum DDS","CornflowerBlue",59.5,-105.17,"wolverine","singer",22.73,104,44909
"Kieth Kirlin-Nitzsche","DarkMagenta",64.52,-22.31,"quokka","pilot",8.01,33,3745
"Thomasina Botsford","Ivory",-60.82,-11.91,"llama","scientist",298.71,66,10279
"Merlin Hills-Stanton","Green",-67.14,-101.41,"sloth","pilot",14.45,16,24
"Georganna Cummings","DarkSlateGray",-0.27,-20.29,"capybara","pilot",100.83,52,6371
"Florentino Volkman-Windler","Blue",56.04,11.16,"guinea pig","singer",0.53,35,1693
"Mrs. Jalisa Heller","ForestGreen",-79.27,-49.76,"wolverine","customs officer",47.31,77,25521
"Pearla Stokes","Teal",69.33,-9.86,"quokka","customs officer",11.99,36,4102
"Alpha Paucek DDS","LimeGreen",-41.57,-10.57,"llama","scientist",225.52,59,10080
"Oral Stamm","Wheat",-63.18,-39.44,"sloth","drummer",20.29,16,1
"Jefferson Upton","SpringGreen",-42.33,-46.79,"capybara","drummer",178.79,51,6342
"Mr. Russell Okuneva","FireBrick",63.93,-62.14,"guinea pig","customs officer",1.26,22,1534
"Lora Wunsch","SteelBlue",-31.94,123.88,"wolverine","pilot",42.84,91,42526
"Lavina Douglas","LightGreen",12.28,-48.84,"quokka","singer",10.49,34,4114
"Ricardo Stiedemann-Brekke","Turquoise",67.61,-163.43,"llama","pilot",211.06,87,10567
"Ms. Octavie Boyle","Gray",-28.02,-117.11,"sloth","customs officer",9.87,18,21
"Micayla Haley","FloralWhite",21.05,-12.61,"capybara","scientist",122.97,43,6575
"Peggie Stoltenberg-Wisozk","ForestGreen",65.82,155.79,"guinea pig","pilot",0.95,33,1169
"Brycen Beatty","LightPink",21.28,142.15,"wolverine","drummer",56.18,110,44344
"Miss Della Schmitt DDS","Tan",-66.24,-173.35,"quokka","drummer",7.21,45,3783
"Regina Rice-Mayer","PapayaWhip",-49.95,70.92,"llama","scientist",556.19,72,10161
"Berdie Cruickshank","DarkOrchid",-20.09,-66.67,"sloth","scientist",10.49,20,29
"Ian Waelchi","DarkViolet",-79.27,96.48,"capybara","customs officer",50,50,5628
"Dr. Rafaela Johnston DDS","GhostWhite",87.31,131.62,"guinea pig","singer",1.09,17,1479
"Tillie Von-Walker","Aqua",52.62,155.37,"wolverine","drummer",37.5,97,47873
"Devyn Jast III","Blue",-40.16,92.88,"quokka","pilot",8.5,35,3819
"Rozella Schroeder DDS","BlueViolet",-26.1,87.64,"llama","singer",420.86,49,9942
"Miller Thompson","HotPink",0.8,17.19,"sloth","singer",9.63,22,16
"Polk Ferry-Thiel","LightSlateGray",48.92,30.14,"capybara","singer",109.6,50,4573
"Ms. Marianne Aufderhar","LightPink",-32.85,-115.28,"guinea pig","customs officer",1.02,37,1441
"Dione Bartoletti","LightSeaGreen",48.57,28.16,"wolverine","scientist",41.28,58,21678
"Dr. Heyward Sipes I","Teal",-40.06,-166.66,"quokka","customs officer",8.38,42,3803
"Jalen Leffler MD","Sienna",-70.74,100.27,"llama","customs officer",335.42,62,10061
"Kirt Hand","RosyBrown",17.23,53.18,"sloth","customs officer",9.11,20,20
"Rosemarie Kemmer","YellowGreen",27.13,-119.65,"capybara","drummer",60.06,49,5607
"Aydin Dooley","Blue",-65.09,172.52,"guinea pig","pilot",1.14,23,1365
"Oren Herzog","Chartreuse",-89.78,-157.35,"wolverine","singer",18.46,87,54263
"Lex Klein Sr.","GhostWhite",77.61,-87.74,"quokka","pilot",9,32,4235
"Dequan Rippin","FireBrick",39.93,74.66,"llama","drummer",488.6,93,10823
"Ivory Zemlak","Navy",-7.43,-38.87,"sloth","pilot",16.53,22,14
"Alysa Gutmann","SaddleBrown",23.7,1.15,"capybara","pilot",79.44,49,6423
"Lincoln Turner","Cornsilk",5.31,23.86,"guinea pig","scientist",1.09,24,1491
"Dr. Paulina Schumm","MediumSlateBlue",-19.72,62.55,"wolverine","pilot",21.62,84,39478
"Ean Boyle","Navy",-43.38,-36.05,"quokka","drummer",8.27,36,4033
"Olaf Mitchell Jr.","DeepSkyBlue",30.04,-21.11,"llama","customs officer",300.09,51,9374
"Mr. Manly Runte","Turquoise",20.17,87.93,"sloth","scientist",14.36,17,28
"Erlinda Kiehn PhD","LimeGreen",59.52,48.65,"capybara","customs officer",189.82,52,6894
"Lloyd Abernathy","Plum",33.47,85.5,"guinea pig","scientist",0.85,43,1847
"Dotty Price","CornflowerBlue",-75.99,7.86,"wolverine","scientist",13.27,77,17607
"Mr. Clarke Lynch","Lavender",77.97,39.25,"quokka","singer",10.31,37,4362
"Zenas Anderson PhD","Chartreuse",38.43,133.39,"llama","drummer",312.39,52,10045
"Dr. Julia Mayert MD","Tomato",-29.79,-98.9,"sloth","scientist",9.13,32,38
"Dr. Fremont Pouros","DarkCyan",-33.01,161.36,"capybara","scientist",104.22,46,5335
"Garner Durgan V","SlateBlue",21.54,39.59,"guinea pig","customs officer",0.85,37,1721
"Nathanial Feest","DarkSeaGreen",1.91,-92.69,"wolverine","customs officer",48.19,101,73285
"Sherita Ward","Linen",59.78,-101.61,"quokka","pilot",7.12,36,3943
"Samira Willms","PaleVioletRed",77.67,-24.99,"llama","pilot",430.27,67,10836
"Edmon Paucek","Linen",5.08,-13.09,"sloth","customs officer",16.23,25,18
"Isobel Koelpin PhD","LightYellow",-34.75,48.65,"capybara","customs officer",168.41,50,7032
"Dr. Jesse Blick","DarkOrange",-76.08,-98.41,"guinea pig","singer",0.75,24,1640
"Classie Bergstrom","SlateGray",8.31,-55.93,"wolverine","drummer",45.27,49,33303
"Lott Jakubowski-Powlowski","Indigo",59.4,172.06,"quokka","singer",5.89,29,4059
"Mose Waters","Aquamarine",-71.7,19.92,"llama","drummer",402.44,64,10062
"Mr. Burdette Erdman II","LightGray",-53.6,109.6,"sloth","scientist",19.8,18,21
"Sarina Borer","Gray",53.16,97.65,"capybara","scientist",166.79,49,5799
"Carson Lemke","RosyBrown",24.27,-113.62,"guinea pig","scientist",1,34,1636
"Mr. Erasmo Hodkiewicz","LightGoldenRodYellow",18.44,108.23,"wolverine","pilot",39.76,100,37351
"Dr. Zita Cremin","MintCream",59.41,125.8,"quokka","scientist",7.82,31,3868
"Jalyn Pollich DDS","DarkGray",12.81,29.35,"llama","pilot",437.87,89,10020
"Stephenie Harber","Gainsboro",83.63,-125.21,"sloth","customs officer",9.15,19,19
"Cliff Schmidt","Cyan",-50.59,-56.74,"capybara","customs officer",150.48,38,6322
"Halbert Runte","LightYellow",-28.92,-141.22,"guinea pig","customs officer",1.08,28,1416
"Leighton Bogisich","Chocolate",-37.93,80.99,"wolverine","drummer",26.48,118,42051
"Aurore Tillman-Bergnaum","Beige",54.02,-153.8,"quokka","singer",14.93,33,3980
"Frederick Windler","DarkKhaki",45.96,28.48,"llama","customs officer",204.61,69,9686
"Mrs. Bettye Beahan","PaleGreen",-15.02,-49.94,"sloth","singer",11.3,26,22
"Erykah Konopelski MD","DeepPink",67.09,-177.13,"capybara","drummer",74.14,46,5909
"Dwyane Cronin","Linen",-78,-80.11,"guinea pig","customs officer",1.44,38,1198
"Mr. Dixon Padberg I","Tomato",-37.47,-174.11,"wolverine","pilot",53.07,117,26738
"Elmira Zboncak","MediumSeaGreen",69.72,24.77,"quokka","singer",4.2,31,3958
"Hayes Brakus","GoldenRod",-23.15,43.36,"llama","scientist",426.57,81,10521
"Ebert Lubowitz-Little","HoneyDew",75.04,-19.5,"sloth","pilot",9.81,18,18
"Suzie Goodwin","SpringGreen",8,76.66,"capybara","pilot",75.59,52,6400
"Torry Bayer-Schmidt","DarkKhaki",5.22,-31.64,"guinea pig","drummer",1.26,44,1340
"Elenore Lindgren-Grimes","PeachPuff",89.51,17.86,"wolverine","customs officer",48.83,119,42271
"Adriel Murphy","Sienna",-17.87,-15.93,"quokka","pilot",5.96,39,4033
"Miss Kaylene Dickinson DDS","AntiqueWhite",73.24,69.18,"llama","pilot",286.73,79,11161
"Ida Konopelski","Khaki",9.33,0.07,"sloth","customs officer",12.87,24,32
"Sasha Medhurst","Thistle",1.29,-39,"capybara","singer",119.12,54,5729
"Abdullah Borer","MediumPurple",77.9,-59.72,"guinea pig","drummer",0.9,22,1601
"Tyrell Hammes","DarkGray",83.12,76.24,"wolverine","drummer",42.04,100,13128
"Mr. Jaleel Schulist","Aqua",16.53,143.13,"quokka","drummer",3.01,43,3819
"Jaelynn Hyatt MD","HoneyDew",-10.44,-136.96,"llama","pilot",325.09,81,9544
"Haywood Gerlach-Strosin","LavenderBlush",88.19,-42.57,"sloth","scientist",11.57,19,24
"Daryn Walker","CornflowerBlue",47.06,167.95,"capybara","scientist",189.93,44,6506
"Stephon Bechtelar-Hansen","FireBrick",-23.1,146.87,"guinea pig","singer",1.35,32,1468
"Destiney Romaguera","Orchid",-40.68,103.71,"wolverine","pilot",12.45,88,31396
"Dr. Westin Nitzsche","MediumOrchid",-13.83,-49.45,"quokka","customs officer",10.65,30,4170
"Adelle Johnston MD","Beige",75.96,-101.42,"llama","singer",260.56,64,8849
"Graydon Lang","LawnGreen",54.04,-1,"sloth","singer",21.22,18,1
"Ali Hickle IV","DarkKhaki",-78.97,113.74,"capybara","singer",116.81,51,6514
"Kyan Konopelski","Orange",-31.34,-16.16,"guinea pig","pilot",0.85,28,1486
"Samuel Bauch","ForestGreen",-83.64,-132.48,"wolverine","customs officer",13.93,87,31660
"Benito Lebsack Jr.","PaleGoldenRod",-71.66,54.79,"quokka","drummer",6.54,38,4032
"Mr. Clemente Bechtelar","SkyBlue",-59.68,-123.6,"llama","pilot",368.58,89,9356
"Luna Haley-Jenkins","FloralWhite",-56.74,-123.5,"sloth","customs officer",17.6,21,12
"Stone Dooley III","DarkGray",-74.45,-169.56,"capybara","pilot",124.66,46,6421
"Emil Kovacek","Plum",-32.15,139.83,"guinea pig","drummer",1.39,28,1241
"Atha Frami","Khaki",-33.03,170.51,"wolverine","drummer",69.25,100,57713
"Brice Hirthe","Coral",24.5,22.73,"quokka","singer",7.19,28,3919
"Dr. Colonel Donnelly DDS","MintCream",-24.19,-109.09,"llama","pilot",149.45,97,9824
"Dotty Skiles","Maroon",13.58,-3.24,"sloth","customs officer",16.6,18,13
"Lou Marquardt","Peru",-63.75,56.44,"capybara","scientist",157.77,54,5911
"Lashawn Casper","Aquamarine",37.52,0.31,"guinea pig","scientist",1.08,31,968
"Makayla Terry-Emmerich","HotPink",-69.12,69.64,"wolverine","drummer",31.58,106,11276
"Donato Schuppe","Azure",50.93,-111.88,"quokka","singer",11.43,30,3897
"Obed Weissnat","DarkGreen",-49.67,-62.9,"llama","customs officer",323.25,80,10035
"Loran Hills","White",25.56,-100.66,"sloth","pilot",9.39,20,23
"Dr. Delma Mills","DodgerBlue",-23.83,-33.9,"capybara","customs officer",57.22,44,5091
"Mr. Verlin Kiehn II","ForestGreen",44.69,56.97,"guinea pig","singer",1.04,36,1488
"Dwaine Leffler","MediumOrchid",-73.44,50.61,"wolverine","scientist",26.02,62,53327
"Timmy Shanahan III","DarkGray",59.72,145.14,"quokka","pilot",5.45,36,3807
"Deb Carroll","Lavender",-29.09,-30.58,"llama","pilot",433.09,68,9553
"Irma Mayer","IndianRed",8.84,46.78,"sloth","scientist",11.51,19,35
"Nicholaus Walker","AntiqueWhite",22.43,-9.18,"capybara","scientist",111.66,56,5336
"Lorine Hoppe","Gainsboro",-15.57,115.08,"guinea pig","customs officer",0.77,51,1582
"Shade Ruecker","Tomato",10.39,-32.2,"wolverine","customs officer",18.97,76,30476
"Carma Douglas","PeachPuff",-55.96,-90.81,"quokka","customs officer",11.3,29,3830
"Tatyanna Lemke","DarkTurquoise",48.05,5.57,"llama","pilot",354.39,86,10409
"Helmer Homenick","PaleGoldenRod",-65.15,8.66,"sloth","customs officer",20.73,19,37
"Preston Mills","Teal",87.02,-113.7,"capybara","drummer",174.39,46,6439
"Emely Schultz","MintCream",-18.44,-104.56,"guinea pig","customs officer",0.7,27,1080
"Betsy Rodriguez","DarkViolet",8.28,67.6,"wolverine","pilot",53.68,88,74898
"Buffy Bailey","SlateGray",0.43,165.64,"quokka","singer",11.38,37,3549
"Pryor Lockman","Wheat",-6.98,176.63,"llama","pilot",266.74,79,10271
"Mrs. Alla Sawayn","PapayaWhip",31.54,172.93,"sloth","scientist",8.02,26,31
"Melbourne Wisozk-Wisoky","Gray",-16.82,65.98,"capybara","singer",91.32,46,7020
"Pearla Marvin PhD","Turquoise",-6.3,134.98,"guinea pig","pilot",0.88,41,1344
"Cooper Durgan","LightCyan",65.27,-115.91,"wolverine","singer",73.36,96,60982
"Gerry Langosh","Crimson",75.45,-75.16,"quokka","pilot",5.65,30,4308
"Dr. Hernan Jast","SlateGray",-2.74,-135.24,"llama","customs officer",396.26,66,10685
"Shira Romaguera","DarkGray",12.14,-82.7,"sloth","drummer",14.43,20,29
"Marlee Bahringer","Yellow",18.22,-96.64,"capybara","pilot",109.23,46,5792
"Pat O'Kon","BurlyWood",-62.03,-144.29,"guinea pig","pilot",1.42,41,1897
"Burk Kunze","DarkOliveGreen",-67.02,50.72,"wolverine","customs officer",43.65,82,82016
"Buelah Bartell-Balistreri","SandyBrown",-53.26,122.33,"quokka","singer",7.79,32,3839
"Dr. Valentine Stracke PhD","MediumSpringGreen",2.01,46.9,"llama","drummer",436.02,68,10594
"Kenney Monahan III","LemonChiffon",55.25,25.54,"sloth","pilot",11.37,17,37
"Dr. Verena Russel PhD","LemonChiffon",86.65,42.84,"capybara","customs officer",113.78,45,5780
"Ludie Bogan-Rippin","DeepPink",16.12,-112.74,"guinea pig","scientist",1.24,34,1524
"Denese Ziemann","Azure",-29,-72.1,"wolverine","customs officer",22.44,86,57440
"Penelope Ruecker MD","Navy",12.94,38.19,"quokka","scientist",3.15,43,3891
"Dayana Hackett","Moccasin",-21.9,-153.97,"llama","customs officer",467.43,69,9793
"Nichelle Johnson","Aqua",52.04,-76.79,"sloth","singer",13.8,19,8
"Jasmyne Stokes","LightSeaGreen",65.19,52.83,"capybara","customs officer",120.54,50,5956
"Mima Abshire","MediumPurple",-29.5,49.91,"guinea pig","scientist",1.16,32,1540
"Dr. Garrison Lubowitz","OrangeRed",-50.59,-83.65,"wolverine","scientist",48.68,90,35588
"Miss Brittnie Lockman","DarkGreen",-5.16,111.24,"quokka","scientist",10.3,38,4133
